Kategori Produk,mean,std
Kain Jeans,2740.0,827.7197593388719
Kain Sutra,2433.6363636363635,851.319830936326
Kain Wol,3027.2727272727275,1082.9689830192822
